UNIT_ID,UNIT_NAME,Latitude,Longitude,,,,,,,,,,,,,
AEU,Cameron Park Fire Departemnt FS Station 89,38.662182,-120.684741,,,,,,,,,,,,,
AFV,Alpine Fire Protection District,32.835800,-116.766400,,,,,,,,,,,,,
ANF,Angeles National Forest,34.330000,-118.000000,,,,,,,,,,,,,
APF,Arrowhead Protection Forest,34.240000,-117.180000,,,,,,,,,,,,,
APV,Apple Valley Fire Protection District,34.500800,-117.185900,,,,,,,,,,,,,
BBD,Big Bear Fire Department,34.243900,-116.911400,,,,,,,,,,,,,
BDF,San Bernardino National Forest,34.200000,-116.900000,,,,,,,,,,,,,
BDU,SAN BERNARDINO COUNTY FIRE,34.690680,-117.412998,,,,,,,,,,,,,
BEA,Bear Valley Fire Department,35.160000,-118.680000,,,,,,,,,,,,,
BEU,Pebble Beach FS,36.432387,-121.390116,,,,,,,,,,,,,
BNP,Banning Pass Fire Department,33.925600,-116.876400,,,,,,,,,,,,,
BRR,Barstow Fire Protection District,34.895800,-117.017300,,,,,,,,,,,,,
BTU,Bangor FS,39.713294,-121.543737,,,,,,,,,,,,,
CCD,Central California District,36.778300,-119.417900,,,,,,,,,,,,,
CDD,California Desert District,34.500000,-115.500000,,,,,,,,,,,,,
CLR,Clear Lake Region,39.000000,-122.800000,,,,,,,,,,,,,
CND,Central Nevada District,38.500000,-117.000000,,,,,,,,,,,,,
CNF,Cleveland National Forest,33.400000,-116.700000,,,,,,,,,,,,,
CNP,California National Parks,36.778300,-119.417900,,,,,,,,,,,,,
CRA,Crane Valley Fire Department,37.330000,-119.560000,,,,,,,,,,,,,
CRB,Crescent Bay Fire Department,41.950000,-124.150000,,,,,,,,,,,,,
CRD,Central Ridge District,35.500000,-120.500000,,,,,,,,,,,,,
CZU,Half Moon Bay FS,37.185634,-122.146862,,,,,,,,,,,,,
DBR,Diablo Range Fire Department,37.500000,-121.500000,,,,,,,,,,,,,
DLR,Del Norte Fire Department,41.750000,-124.200000,,,,,,,,,,,,,
DVP,Desert View Fire Protection District,33.678400,-116.237600,,,,,,,,,,,,,
ENF,Eldorado National Forest,38.742600,-120.435800,,,,,,,,,,,,,
ESR,Eastern Sierra Region,37.500000,-118.500000,,,,,,,,,,,,,
FKU,Southern Region RHQ,36.764098,-119.572045,,,,,,,,,,,,,
FNF,Fremont National Forest,42.500000,-120.500000,,,,,,,,,,,,,
FWR,Feather River Fire Protection District,39.500000,-121.500000,,,,,,,,,,,,,
FYA,Fort Yuma Area,32.738100,-114.624400,,,,,,,,,,,,,
GNP,Golden National Park,36.778300,-119.417900,,,,,,,,,,,,,
HIA,Hoopa Indian Area,41.135000,-123.672500,,,,,,,,,,,,,
HPR,High Plains Region,40.000000,-120.000000,,,,,,,,,,,,,
HTF,Humboldt-Toiyabe National Forest,39.500000,-119.500000,,,,,,,,,,,,,
HUU,Iaqua Butte LO,40.680972,-123.985437,,,,,,,,,,,,,
INF,Inyo National Forest,37.500000,-118.500000,,,,,,,,,,,,,
JTP,Joshua Tree National Park,33.873400,-115.901000,,,,,,,,,,,,,
KNF,Klamath National Forest,41.500000,-123.000000,,,,,,,,,,,,,
KNP,Kings Canyon National Park,36.800000,-118.700000,,,,,,,,,,,,,
KRN,KRN Station  14 FS,35.335979,-118.752366,,,,,,,,,,,,,
KRR,Kern River Ranger District,35.500000,-118.500000,,,,,,,,,,,,,
LAC,FS 78,34.095138,-118.167305,,,,,,,,,,,,,
LAD,Los Angeles District,34.052200,-118.243700,,,,,,,,,,,,,
LDF,Lassen District Forest,40.500000,-120.500000,,,,,,,,,,,,,
LFD,Long Beach Fire Department,33.770100,-118.193700,,,,,,,,,,,,,
LKR,Lake Region,39.000000,-122.500000,,,,,,,,,,,,,
LMU,Dyer Mountain COM/LO,40.815118,-120.837103,,,,,,,,,,,,,
LNF,Lassen National Forest,40.500000,-121.500000,,,,,,,,,,,,,
LNP,Lassen National Park,40.488700,-121.504700,,,,,,,,,,,,,
LNU,Loch Lomond FS 64,38.624495,-122.610381,,,,,,,,,,,,,
LPF,Sisar,34.499322,-119.141365,,,,,,,,,,,,,
LUR,Lurline Fire Protection District,39.500000,-122.000000,,,,,,,,,,,,,
MCP,McClellan Park Fire Department,38.667000,-121.400000,,,,,,,,,,,,,
MCR,Mendocino Coast Region,39.500000,-123.500000,,,,,,,,,,,,,
MDF,Modoc National Forest,41.500000,-120.500000,,,,,,,,,,,,,
MDR,Madera City Station 56,36.966572,-120.078642,,,,,,,,,,,,,
MEU,Mendocino UH,39.387371,-123.429555,,,,,,,,,,,,,
MMU,Ahwahnee FS,37.393606,-120.105319,,,,,,,,,,,,,
MNF,Mendocino National Forest,39.500000,-122.500000,,,,,,,,,,,,,
MNP,Mojave National Preserve,35.000000,-115.500000,,,,,,,,,,,,,
MRN,Tomales FS,38.013076,-122.664047,,,,,,,,,,,,,
MVU,Monte Vista Unit,32.800000,-116.900000,,,,,,,,,,,,,
NEU,Dry Creek FS,39.128658,-120.967335,,,,,,,,,,,,,
NOD,Northern District,40.000000,-120.000000,,,,,,,,,,,,,
ORC,Loma Ridge,33.697478,-117.786287,,,,,,,,,,,,,
PIP,Pine Island Park,34.000000,-117.000000,,,,,,,,,,,,,
PLR,Palomar Ranger District,33.300000,-116.900000,,,,,,,,,,,,,
PNF,Plumas National Forest,39.900000,-121.000000,,,,,,,,,,,,,
RNP,Redwood National Park,41.300000,-124.000000,,,,,,,,,,,,,
RRS,Russian River Station,38.500000,-123.000000,,,,,,,,,,,,,
RRU,CAL FIRE Training Center South,33.758207,-116.921143,,,,,,,,,,,,,
RWP,Redwood Park,37.800000,-122.200000,,,,,,,,,,,,,
SBC,SBC Santa Barbara County 31 FS,34.618140,-120.101583,,,,,,,,,,,,,
SCU,SSCCFD - Masten Fire Station 2,37.297078,-121.674009,,,,,,,,,,,,,
SDU,San Diego County Fire Jucumba Station #43,32.970779,-116.770712,,,,,,,,,,,,,
SHF,Shasta-Trinity National Forest,40.500000,-122.000000,,,,,,,,,,,,,
SHU,Shingletown FS,40.679441,-122.182865,,,,,,,,,,,,,
SIF,Sierra Foothills Region,37.000000,-120.000000,,,,,,,,,,,,,
SJR,San Joaquin Region,37.900000,-121.300000,,,,,,,,,,,,,
SKR,South Kern Region,35.000000,-118.000000,,,,,,,,,,,,,
SKU,McCloud FS,41.650551,-122.502172,,,,,,,,,,,,,
SLU,San Luis Obispo UH,35.394213,-120.629766,,,,,,,,,,,,,
SMP,San Mateo Park,37.500000,-122.300000,,,,,,,,,,,,,
SNF,Sierra National Forest,37.417000,-119.167000,,,,,,,,,,,,,
SNU,Sierra Nevada Unit,39.000000,-120.000000,,,,,,,,,,,,,
SOR,Southern Oregon Region,42.800000,-122.900000,,,,,,,,,,,,,
SPR,South Pacific Region,-30.098000,-143.060900,,,,,,,,,,,,,
SQF,Sequoia National Forest,36.040000,-118.504400,,,,,,,,,,,,,
SRF,Six Rivers National Forest,41.777800,-124.016700,,,,,,,,,,,,,
SRR,Sierra Ridge Region,39.543800,-120.805200,,,,,,,,,,,,,
STF,Stanislaus National Forest,38.250000,-120.000000,,,,,,,,,,,,,
STR,Sierra Trail Region,38.500000,-119.500000,,,,,,,,,,,,,
SWR,Southwestern Region,34.000000,-106.000000,,,,,,,,,,,,,
TCU,Jamestown,38.069525,-120.475004,,,,,,,,,,,,,
TGU,Vina Helitack,40.100962,-122.311639,,,,,,,,,,,,,
TIA,Tule River Indian Agency,36.050000,-118.900000,,,,,,,,,,,,,
TKR,Tehama-Kern Region,40.125700,-122.233900,,,,,,,,,,,,,
TMU,Trinity Mountain Unit,40.826100,-122.666100,,,,,,,,,,,,,
TNF,Tahoe National Forest,39.562500,-120.562500,,,,,,,,,,,,,
TNR,Trinity National Region,41.000400,-123.048400,,,,,,,,,,,,,
TNT,Trinity National Territory,41.000400,-123.048400,,,,,,,,,,,,,
TOI,Tulare-Owens Indian Agency,36.050000,-118.900000,,,,,,,,,,,,,
TUU,Badger FS,36.241454,-118.919319,,,,,,,,,,,,,
VLJ,Vallejo,38.104100,-122.256600,,,,,,,,,,,,,
VNC,CSUCI Public Safety Unit,34.271085,-118.993969,,,,,,,,,,,,,
WED,Weed,41.423300,-122.386400,,,,,,,,,,,,,
YNP,Yosemite National Park,37.865100,-119.538300,,,,,,,,,,,,,